epoch,loss,acc
1,0.6042709144262167,0.6971153846153846
